ruta,usada_en,alt,ancho,alto,peso_original_KB,peso_incluido_KB,nota
wp-originales/wp-content/uploads/2024/01/Grupo-sole-logo-blanco.png,/?s=test /author/publicidad-decoloungegmail-com/ /shop/,,,,19,19,original
wp-originales/wp-content/uploads/2024/01/project-1.jpg,,,,,75,75,original
wp-originales/wp-content/uploads/2024/01/shape-1.png,,,,,1059,964,recomprimida 1920x779->1920x779
wp-originales/wp-content/uploads/2024/01/shape-10.png,,,,,2,2,original
wp-originales/wp-content/uploads/2024/01/shape-11-1.png,,,,,2,2,original
wp-originales/wp-content/uploads/2024/01/shape-17.png,,,,,1191,1187,recomprimida 1920x330->1920x330
wp-originales/wp-content/uploads/2024/01/shape-2.png,,,,,0,0,original
wp-originales/wp-content/uploads/2024/01/shape-21.png,,,,,1147,1043,recomprimida 1920x804->1920x804
wp-originales/wp-content/uploads/2024/01/shape-22-1.png,,,,,0,0,original
wp-originales/wp-content/uploads/2024/01/shape-22.png,,,,,0,0,original
wp-originales/wp-content/uploads/2024/01/shape-23.png,,,,,758,689,recomprimida 1920x520->1920x520
wp-originales/wp-content/uploads/2024/01/shape-26.png,,,,,0,0,original
wp-originales/wp-content/uploads/2024/01/shape-27.png,,,,,1390,1265,recomprimida 1920x990->1920x990
wp-originales/wp-content/uploads/2024/01/shape-28.png,,,,,2,2,original
wp-originales/wp-content/uploads/2024/01/shape-3.png,/ /calentador-de-agua-solar-presurizado/ /calentador-de-agua-solar-sin-presion/ /calentadores-de-agua-solares/ /quienes-somos/,,,,0,0,original
wp-originales/wp-content/uploads/2024/01/shape-7.png,,,,,653,602,recomprimida 1920x1040->1920x1040
wp-originales/wp-content/uploads/2024/01/shape-9.png,,,,,309,309,original
wp-originales/wp-content/uploads/2024/01/testimonial-1.png,/,,,,12,12,original
wp-originales/wp-content/uploads/2024/01/testimonial-2.png,/,,,,12,12,original
wp-originales/wp-content/uploads/2024/01/testimonial-3.png,/,,,,12,12,original
wp-originales/wp-content/uploads/2024/02/Grupo-Sole-scaled.webp,/?s=test /author/publicidad-decoloungegmail-com/ /shop/,,,,49,49,original
wp-originales/wp-content/uploads/2024/02/grupo-sole-panda.png,/,,,,53,53,original
wp-originales/wp-content/uploads/2024/02/shape-14.png,,,,,0,0,original
wp-originales/wp-content/uploads/2024/08/Beneficios-de-los-calentadores-solares-de-agua-de-GRUPO-SOLE.webp,/calentadores-de-agua-solares/,,,,72,72,original
wp-originales/wp-content/uploads/2024/08/Beneficios-de-los-calentadores-solares-frente-a-los-electricos.webp,/,Beneficios de los calentadores solares frente a los eléctricos,,,69,69,original
wp-originales/wp-content/uploads/2024/08/C1.png,/,,,,3,3,original
wp-originales/wp-content/uploads/2024/08/Calentadores-solares-de-agua-instalados-en-techo-residencial-1.webp,,Calentadores solares de agua instalados en techo residencial,,,47,47,original
wp-originales/wp-content/uploads/2024/08/Calentadores-solares-en-bogota-.webp,/,Calentadores solares en bogota,,,41,41,original
wp-originales/wp-content/uploads/2024/08/Calentadores-solares-en-venta.webp,/,Calentadores solares en venta,,,32,32,original
wp-originales/wp-content/uploads/2024/08/Clientes-satisfechos-con-calentadores-solares-de-GRUPO-SOLE.webp,,,,,85,85,original
wp-originales/wp-content/uploads/2024/08/Copia-de-horizontal-7.png,,,,,60,60,original
wp-originales/wp-content/uploads/2024/08/Distribuidores-de-calentadores-solares-en-bogota.webp,/,Distribuidores de calentadores solares en bogota,,,36,36,original
wp-originales/wp-content/uploads/2024/08/Ejemplo-de-ahorro-energetico-con-calentadores-solares.webp,/calentadores-de-agua-solares/,,,,58,58,original
wp-originales/wp-content/uploads/2024/08/Instalacion-de-calentadores-solares-de-agua-en-empresa-1.webp,/calentadores-de-agua-solares/,Instalacion de calentadores solares de agua en empresa,,,42,42,original
wp-originales/wp-content/uploads/2024/08/Instalacion-de-calentadores-solares-en-bogota.webp,/,Instalacion de calentadores solares en bogota,,,60,60,original
wp-originales/wp-content/uploads/2024/08/Mantenimiento-de-calentadores-solares-de-agua.webp,/,Mantenimiento de calentadores solares de agua,,,74,74,original
wp-originales/wp-content/uploads/2024/08/Panel-solar-para-calentador-de-agua.webp,/calentadores-de-agua-solares/,Panel solar para calentador de agua,,,57,57,original
wp-originales/wp-content/uploads/2024/08/Panel-solar-termico-para-calentador-de-agua.webp,/calentadores-de-agua-solares/,Panel solar térmico para calentador de agua,,,72,72,original
wp-originales/wp-content/uploads/2024/08/Sistema-solar-de-agua-caliente-en-uso.webp,/ /calentadores-de-agua-solares/,,,,49,49,original
wp-originales/wp-content/uploads/2024/08/Tecnico-instalando-calentador-solar-de-agua.webp,/calentadores-de-agua-solares/,,,,51,51,original
wp-originales/wp-content/uploads/2024/08/Ventajas-de-los-calentadores-de-agua-solares.webp,/,Ventajas de los calentadores de agua solares,,,54,54,original
wp-originales/wp-content/uploads/2024/08/energia-solar-sostenible-grupo-sole-.webp,,,,,176,176,original
wp-originales/wp-content/uploads/2024/08/energia-solar.png,,,,,2113,1730,recomprimida 1725x2000->1656x1920
wp-originales/wp-content/uploads/2024/08/energia-sostenibles-grupo-sole-scaled.webp,,,,,86,86,original
wp-originales/wp-content/uploads/2024/08/energias-renovables-para-casas-en-bogota.png,/,,,,1641,1337,recomprimida 2000x1555->1920x1492
wp-originales/wp-content/uploads/2024/08/grupo-soler-construccion-sostenible-scaled.webp,,,,,285,285,original
wp-originales/wp-content/uploads/2024/10/Empresa-de-energia-solar-bogota-grupo-sole.webp,/quienes-somos/,Empresa de energia solar bogota - grupo sole,,,212,212,original
wp-originales/wp-content/uploads/2024/10/Empresa-de-energia-solar-en-bogota-grupo-sole-scaled.webp,,,,,133,133,original
wp-originales/wp-content/uploads/2024/10/calentador-de-agua-solar-presurizado-en-bogota-.webp,/calentador-de-agua-solar-presurizado/ /calentadores-de-agua-solares/,calentador de agua solar presurizado en bogota,,,38,38,original
wp-originales/wp-content/uploads/2024/10/calentador-de-agua-solar-presurizado-grupo-sole.webp,/calentador-de-agua-solar-presurizado/ /calentadores-de-agua-solares/,calentador de agua solar presurizado - grupo sole,,,15,15,original
wp-originales/wp-content/uploads/2024/10/calentador-solar-despresurizado-bogota.webp,/calentador-de-agua-solar-sin-presion/ /calentadores-de-agua-solares/,calentador solar despresurizado bogota,,,35,35,original
wp-originales/wp-content/uploads/2024/10/calentador-solar-despresurizado-en-bogota.webp,/calentador-de-agua-solar-sin-presion/ /calentadores-de-agua-solares/,calentador solar despresurizado en bogota,,,29,29,original
wp-originales/wp-content/uploads/2024/10/calentador-solar-despresurizado-grupo-sole.webp,/calentador-de-agua-solar-sin-presion/ /calentadores-de-agua-solares/,calentador solar despresurizado - grupo sole,,,54,54,original
wp-originales/wp-content/uploads/2024/10/calentador-solar-en-bogota.webp,/calentador-de-agua-solar-sin-presion/ /calentadores-de-agua-solares/,calentador solar en bogota,,,42,42,original
wp-originales/wp-content/uploads/2024/10/calentador-solar-presurizado-en-bogota.webp,/calentador-de-agua-solar-presurizado/ /calentadores-de-agua-solares/,calentador solar presurizado en bogota,,,16,16,original
wp-originales/wp-content/uploads/2024/10/calentadores-de-agua-en-bogota-grupo-sole.webp,/calentadores-de-agua-solares/,calentadores de agua en bogota- grupo sole,,,62,62,original
wp-originales/wp-content/uploads/2024/10/calentadores-para-agua-grupo-sole.webp,/calentadores-de-agua-solares/,calentadores para agua - grupo sole,,,68,68,original
wp-originales/wp-content/uploads/2024/10/calentadores-presurizados-bogota.webp,/calentador-de-agua-solar-presurizado/ /calentadores-de-agua-solares/,calentadores presurizados bogota,,,31,31,original
wp-originales/wp-content/uploads/2024/10/calentadores-presurizados-en-bogota.webp,/calentador-de-agua-solar-presurizado/ /calentadores-de-agua-solares/,calentadores presurizados en bogota,,,70,70,original
wp-originales/wp-content/uploads/2024/10/venta-de-calentador-de-agua-solar-despresurizado-grupo-sole.webp,/calentador-de-agua-solar-sin-presion/ /calentadores-de-agua-solares/,venta de calentador de agua solar despresurizado - grupo sole,,,17,17,original
wp-originales/wp-content/uploads/2024/11/Calentador-de-agua-solar-despresurizado.pdf,,,,,845,845,original
wp-originales/wp-content/uploads/2024/11/Calentador-de-agua-solar-presurizado.pdf,,,,,876,876,original
wp-originales/wp-content/uploads/elementor/css/post-1051.css,,,,,1,1,original
wp-originales/wp-content/uploads/elementor/css/post-1452.css,,,,,60,60,original
wp-originales/wp-content/uploads/elementor/css/post-1587.css,,,,,5,5,original
wp-originales/wp-content/uploads/elementor/css/post-16.css,,,,,8,8,original
wp-originales/wp-content/uploads/elementor/css/post-3434.css,,,,,41,41,original
wp-originales/wp-content/uploads/elementor/css/post-3830.css,,,,,24,24,original
wp-originales/wp-content/uploads/elementor/css/post-3962.css,,,,,25,25,original
wp-originales/wp-content/uploads/elementor/google-fonts/css/fraunces.css,,,,,26,26,original
wp-originales/wp-content/uploads/elementor/google-fonts/css/gabarito.css,,,,,5,5,original
wp-originales/wp-content/uploads/elementor/google-fonts/css/poppins.css,,,,,16,16,original
wp-originales/wp-content/uploads/elementor/google-fonts/css/roboto.css,,,,,104,104,original
wp-originales/wp-content/uploads/elementor/google-fonts/css/robotoslab.css,,,,,24,24,original
wp-originales/wp-content/uploads/elementor/google-fonts/fonts/fraunces-6nus8fylnqoqzanv9zwnjucmhvn85ni7emae9lkqztnbb-gztk0k1chjdt9vivyx9g37lvd9mv0iqg.woff2,,,,,44,44,original
wp-originales/wp-content/uploads/elementor/google-fonts/fonts/fraunces-6nus8fylnqoqzanv9zwnjucmhvn85ni7emae9lkqztnbb-gztk0k1chjdt9vivyx9g37lvd9mviiqvtm.woff2,,,,,12,12,original
wp-originales/wp-content/uploads/elementor/google-fonts/fonts/fraunces-6nus8fylnqoqzanv9zwnjucmhvn85ni7emae9lkqztnbb-gztk0k1chjdt9vivyx9g37lvd9mvmiqvtm.woff2,,,,,39,39,original
wp-originales/wp-content/uploads/elementor/google-fonts/fonts/fraunces-6nuu8fylnqoqzanv9byevdiide9ea92uemak_wbq8u_9v0c2wa0k7in7hzfupjh58nib14c0qv86rg.woff2,,,,,11,11,original
wp-originales/wp-content/uploads/elementor/google-fonts/fonts/fraunces-6nuu8fylnqoqzanv9byevdiide9ea92uemak_wbq8u_9v0c2wa0k7in7hzfupjh58nib14c1qv86rg.woff2,,,,,32,32,original
wp-originales/wp-content/uploads/elementor/google-fonts/fonts/fraunces-6nuu8fylnqoqzanv9byevdiide9ea92uemak_wbq8u_9v0c2wa0k7in7hzfupjh58nib14c7qv8.woff2,,,,,35,35,original
wp-originales/wp-content/uploads/elementor/google-fonts/fonts/gabarito-qgytz_0dzagkjj4t3htmw4xung.woff2,,,,,11,11,original
wp-originales/wp-content/uploads/elementor/google-fonts/fonts/gabarito-qgytz_0dzagkjj4t3htow4u.woff2,,,,,33,33,original
wp-originales/wp-content/uploads/elementor/google-fonts/fonts/poppins-pxiayp8kv8jhgfvrjjlme0tcmpi.woff2,,,,,8,8,original
wp-originales/wp-content/uploads/elementor/google-fonts/fonts/poppins-pxiayp8kv8jhgfvrjjlme0tmmpkzsq.woff2,,,,,5,5,original
wp-originales/wp-content/uploads/elementor/google-fonts/fonts/poppins-pxibyp8kv8jhgfvrlbt5z1jlfc-k.woff2,,,,,5,5,original
wp-originales/wp-content/uploads/elementor/google-fonts/fonts/poppins-pxibyp8kv8jhgfvrlbt5z1xlfq.woff2,,,,,7,7,original
wp-originales/wp-content/uploads/elementor/google-fonts/fonts/poppins-pxibyp8kv8jhgfvrlcz7z1jlfc-k.woff2,,,,,5,5,original
wp-originales/wp-content/uploads/elementor/google-fonts/fonts/poppins-pxibyp8kv8jhgfvrlcz7z1xlfq.woff2,,,,,7,7,original
wp-originales/wp-content/uploads/elementor/google-fonts/fonts/poppins-pxibyp8kv8jhgfvrldd4z1jlfc-k.woff2,,,,,5,5,original
wp-originales/wp-content/uploads/elementor/google-fonts/fonts/poppins-pxibyp8kv8jhgfvrldd4z1xlfq.woff2,,,,,7,7,original
wp-originales/wp-content/uploads/elementor/google-fonts/fonts/poppins-pxibyp8kv8jhgfvrldz8z1jlfc-k.woff2,,,,,5,5,original
wp-originales/wp-content/uploads/elementor/google-fonts/fonts/poppins-pxibyp8kv8jhgfvrldz8z1xlfq.woff2,,,,,7,7,original
wp-originales/wp-content/uploads/elementor/google-fonts/fonts/poppins-pxibyp8kv8jhgfvrlej6z1jlfc-k.woff2,,,,,5,5,original
wp-originales/wp-content/uploads/elementor/google-fonts/fonts/poppins-pxibyp8kv8jhgfvrlej6z1xlfq.woff2,,,,,7,7,original
wp-originales/wp-content/uploads/elementor/google-fonts/fonts/poppins-pxibyp8kv8jhgfvrlfj_z1jlfc-k.woff2,,,,,5,5,original
wp-originales/wp-content/uploads/elementor/google-fonts/fonts/poppins-pxibyp8kv8jhgfvrlfj_z1xlfq.woff2,,,,,7,7,original
wp-originales/wp-content/uploads/elementor/google-fonts/fonts/poppins-pxibyp8kv8jhgfvrlgt9z1jlfc-k.woff2,,,,,5,5,original
wp-originales/wp-content/uploads/elementor/google-fonts/fonts/poppins-pxibyp8kv8jhgfvrlgt9z1xlfq.woff2,,,,,7,7,original
wp-originales/wp-content/uploads/elementor/google-fonts/fonts/poppins-pxidyp8kv8jhgfvrjjlm111vf9eo.woff2,,,,,8,8,original
wp-originales/wp-content/uploads/elementor/google-fonts/fonts/poppins-pxidyp8kv8jhgfvrjjlm111vgdeoceg.woff2,,,,,5,5,original
wp-originales/wp-content/uploads/elementor/google-fonts/fonts/poppins-pxidyp8kv8jhgfvrjjlm21lvf9eo.woff2,,,,,8,8,original
wp-originales/wp-content/uploads/elementor/google-fonts/fonts/poppins-pxidyp8kv8jhgfvrjjlm21lvgdeoceg.woff2,,,,,5,5,original
wp-originales/wp-content/uploads/elementor/google-fonts/fonts/poppins-pxidyp8kv8jhgfvrjjlm81xvf9eo.woff2,,,,,8,8,original
wp-originales/wp-content/uploads/elementor/google-fonts/fonts/poppins-pxidyp8kv8jhgfvrjjlm81xvgdeoceg.woff2,,,,,5,5,original
wp-originales/wp-content/uploads/elementor/google-fonts/fonts/poppins-pxidyp8kv8jhgfvrjjlmg1hvf9eo.woff2,,,,,8,8,original
wp-originales/wp-content/uploads/elementor/google-fonts/fonts/poppins-pxidyp8kv8jhgfvrjjlmg1hvgdeoceg.woff2,,,,,5,5,original
wp-originales/wp-content/uploads/elementor/google-fonts/fonts/poppins-pxidyp8kv8jhgfvrjjlmr19vf9eo.woff2,,,,,8,8,original
wp-originales/wp-content/uploads/elementor/google-fonts/fonts/poppins-pxidyp8kv8jhgfvrjjlmr19vgdeoceg.woff2,,,,,5,5,original
wp-originales/wp-content/uploads/elementor/google-fonts/fonts/poppins-pxidyp8kv8jhgfvrjjlmv1pvf9eo.woff2,,,,,8,8,original
wp-originales/wp-content/uploads/elementor/google-fonts/fonts/poppins-pxidyp8kv8jhgfvrjjlmv1pvgdeoceg.woff2,,,,,5,5,original
wp-originales/wp-content/uploads/elementor/google-fonts/fonts/poppins-pxidyp8kv8jhgfvrjjlmy15vf9eo.woff2,,,,,8,8,original
wp-originales/wp-content/uploads/elementor/google-fonts/fonts/poppins-pxidyp8kv8jhgfvrjjlmy15vgdeoceg.woff2,,,,,5,5,original
wp-originales/wp-content/uploads/elementor/google-fonts/fonts/poppins-pxieyp8kv8jhgfvrjjfecg.woff2,,,,,7,7,original
wp-originales/wp-content/uploads/elementor/google-fonts/fonts/poppins-pxieyp8kv8jhgfvrjjnecmne.woff2,,,,,5,5,original
wp-originales/wp-content/uploads/elementor/google-fonts/fonts/poppins-pxigyp8kv8jhgfvrjjluchta.woff2,,,,,8,8,original
wp-originales/wp-content/uploads/elementor/google-fonts/fonts/poppins-pxigyp8kv8jhgfvrjjlufntakpy.woff2,,,,,5,5,original
wp-originales/wp-content/uploads/elementor/google-fonts/fonts/poppins-pxigyp8kv8jhgfvrlptuchta.woff2,,,,,7,7,original
wp-originales/wp-content/uploads/elementor/google-fonts/fonts/poppins-pxigyp8kv8jhgfvrlptufntakpy.woff2,,,,,5,5,original
wp-originales/wp-content/uploads/elementor/google-fonts/fonts/roboto-kfo5cnqeu92fr1mu53zec9_vu3r1gihoszmkahkawzu.woff2,,,,,21,21,original
wp-originales/wp-content/uploads/elementor/google-fonts/fonts/roboto-kfo5cnqeu92fr1mu53zec9_vu3r1gihoszmkankawzu.woff2,,,,,24,24,original
wp-originales/wp-content/uploads/elementor/google-fonts/fonts/roboto-kfo5cnqeu92fr1mu53zec9_vu3r1gihoszmkbnka.woff2,,,,,43,43,original
wp-originales/wp-content/uploads/elementor/google-fonts/fonts/roboto-kfo5cnqeu92fr1mu53zec9_vu3r1gihoszmkbxkawzu.woff2,,,,,18,18,original
wp-originales/wp-content/uploads/elementor/google-fonts/fonts/roboto-kfo5cnqeu92fr1mu53zec9_vu3r1gihoszmkc3kawzu.woff2,,,,,38,38,original
wp-originales/wp-content/uploads/elementor/google-fonts/fonts/roboto-kfo5cnqeu92fr1mu53zec9_vu3r1gihoszmkchkawzu.woff2,,,,,27,27,original
wp-originales/wp-content/uploads/elementor/google-fonts/fonts/roboto-kfo5cnqeu92fr1mu53zec9_vu3r1gihoszmkcnkawzu.woff2,,,,,4,4,original
wp-originales/wp-content/uploads/elementor/google-fonts/fonts/roboto-kfo5cnqeu92fr1mu53zec9_vu3r1gihoszmkcxkawzu.woff2,,,,,13,13,original
wp-originales/wp-content/uploads/elementor/google-fonts/fonts/roboto-kfo5cnqeu92fr1mu53zec9_vu3r1gihoszmkenkawzu.woff2,,,,,43,43,original
wp-originales/wp-content/uploads/elementor/google-fonts/fonts/roboto-kfo7cnqeu92fr1me7ksn66agldtyluama3-ubgee.woff2,,,,,17,17,original
wp-originales/wp-content/uploads/elementor/google-fonts/fonts/roboto-kfo7cnqeu92fr1me7ksn66agldtyluama3cubgee.woff2,,,,,4,4,original
wp-originales/wp-content/uploads/elementor/google-fonts/fonts/roboto-kfo7cnqeu92fr1me7ksn66agldtyluama3gubgee.woff2,,,,,34,34,original
wp-originales/wp-content/uploads/elementor/google-fonts/fonts/roboto-kfo7cnqeu92fr1me7ksn66agldtyluama3iubgee.woff2,,,,,22,22,original
wp-originales/wp-content/uploads/elementor/google-fonts/fonts/roboto-kfo7cnqeu92fr1me7ksn66agldtyluama3kubgee.woff2,,,,,25,25,original
wp-originales/wp-content/uploads/elementor/google-fonts/fonts/roboto-kfo7cnqeu92fr1me7ksn66agldtyluama3oubgee.woff2,,,,,12,12,original
wp-originales/wp-content/uploads/elementor/google-fonts/fonts/roboto-kfo7cnqeu92fr1me7ksn66agldtyluama3yuba.woff2,,,,,39,39,original
wp-originales/wp-content/uploads/elementor/google-fonts/fonts/roboto-kfo7cnqeu92fr1me7ksn66agldtyluamawcubgee.woff2,,,,,39,39,original
wp-originales/wp-content/uploads/elementor/google-fonts/fonts/roboto-kfo7cnqeu92fr1me7ksn66agldtyluamaxkubgee.woff2,,,,,19,19,original
wp-originales/wp-content/uploads/elementor/google-fonts/fonts/robotoslab-bngmuxzytxpivibgjjsb6ufa5qw54a.woff2,,,,,31,31,original
wp-originales/wp-content/uploads/elementor/google-fonts/fonts/robotoslab-bngmuxzytxpivibgjjsb6ufb5qw54a.woff2,,,,,2,2,original
wp-originales/wp-content/uploads/elementor/google-fonts/fonts/robotoslab-bngmuxzytxpivibgjjsb6ufc5qw54a.woff2,,,,,9,9,original
wp-originales/wp-content/uploads/elementor/google-fonts/fonts/robotoslab-bngmuxzytxpivibgjjsb6ufd5qw54a.woff2,,,,,20,20,original
wp-originales/wp-content/uploads/elementor/google-fonts/fonts/robotoslab-bngmuxzytxpivibgjjsb6ufj5qw54a.woff2,,,,,20,20,original
wp-originales/wp-content/uploads/elementor/google-fonts/fonts/robotoslab-bngmuxzytxpivibgjjsb6ufn5qu.woff2,,,,,33,33,original
wp-originales/wp-content/uploads/elementor/google-fonts/fonts/robotoslab-bngmuxzytxpivibgjjsb6ufo5qw54a.woff2,,,,,14,14,original
wp-originales/wp-content/uploads/woocommerce-placeholder.png,,,,,47,47,original
